{
  "images": [
    {
      "width": 1328,
      "height": 854,
      "id": 0,
      "file_name": "images\/613b5c04-yt_big_1.png"
    },
    {
      "width": 1356,
      "height": 748,
      "id": 1,
      "file_name": "images\/0f5358cf-yt_big_2.png"
    },
    {
      "width": 1365,
      "height": 812,
      "id": 2,
      "file_name": "images\/71735819-yt_big_3.png"
    },
    {
      "width": 1358,
      "height": 877,
      "id": 3,
      "file_name": "images\/aa355e0f-yt_big_4.png"
    },
    {
      "width": 1325,
      "height": 606,
      "id": 4,
      "file_name": "images\/89a239aa-yt_big_5.png"
    },
    {
      "width": 1345,
      "height": 917,
      "id": 5,
      "file_name": "images\/f7cacb8f-yt_big_6.png"
    },
    {
      "width": 1340,
      "height": 871,
      "id": 6,
      "file_name": "images\/79b8d86f-yt_big_7.png"
    },
    {
      "width": 1212,
      "height": 247,
      "id": 7,
      "file_name": "images\/186d4a34-yt_reply_1.png"
    },
    {
      "width": 1313,
      "height": 138,
      "id": 8,
      "file_name": "images\/8a5a8d75-yt_single_1.png"
    },
    {
      "width": 840,
      "height": 140,
      "id": 9,
      "file_name": "images\/b162ee4f-yt_single_2.png"
    },
    {
      "width": 945,
      "height": 803,
      "id": 10,
      "file_name": "images\/d16218e6-sz_1.png"
    },
    {
      "width": 555,
      "height": 572,
      "id": 11,
      "file_name": "images\/31d31832-lidovky_1.png"
    }
  ],
  "categories": [
    {
      "id": 0,
      "name": "Author"
    },
    {
      "id": 1,
      "name": "Body"
    },
    {
      "id": 2,
      "name": "Date"
    }
  ],
  "annotations": [
    {
      "id": 0,
      "image_id": 0,
      "category_id": 1,
      "segmentation": [],
      "bbox": [
        137.94366197183098,
        35.07042253521127,
        609.0563380281691,
        24.549295774647888
      ],
      "ignore": 0,
      "iscrowd": 0,
      "area": 14951.904185677447
    },
    {
      "id": 1,
      "image_id": 0,
      "category_id": 1,
      "segmentation": [],
      "bbox": [
        177.69014084507043,
        148.46478873239437,
        108.71830985915494,
        26.887323943661976
      ],
      "ignore": 0,
      "iscrowd": 0,
      "area": 2923.1444157905185
    },
    {
      "id": 2,
      "image_id": 0,
      "category_id": 1,
      "segmentation": [],
      "bbox": [
        176.5211267605634,
        236.1408450704225,
        1067.3098591549297,
        22.211267605633825
      ],
      "ignore": 0,
      "iscrowd": 0,
      "area": 23706.30489982149
    },
    {
      "id": 3,
      "image_id": 0,
      "category_id": 1,
      "segmentation": [],
      "bbox": [
        177.69014084507043,
        323.81690140845075,
        105.21126760563378,
        21.04225352112677
      ],
      "ignore": 0,
      "iscrowd": 0,
      "area": 2213.882166236858
    },
    {
      "id": 4,
      "image_id": 0,
      "category_id": 1,
      "segmentation": [],
      "bbox": [
        180.0281690140845,
        407.9859154929577,
        274.7183098591549,
        22.211267605633797
      ],
      "ignore": 0,
      "iscrowd": 0,
      "area": 6101.841896449115
    },
    {
      "id": 5,
      "image_id": 0,
      "category_id": 1,
      "segmentation": [],
      "bbox": [
        137.94366197183098,
        503.84507042253523,
        339.0140845070423,
        23.38028169014082
      ],
      "ignore": 0,
      "iscrowd": 0,
      "area": 7926.244792699854
    },
    {
      "id": 6,
      "image_id": 0,
      "category_id": 1,
      "segmentation": [],
      "bbox": [
        136.77464788732397,
        633.6056338028169,
        305.11267605633805,
        22.211267605633733
      ],
      "ignore": 0,
      "iscrowd": 0,
      "area": 6776.93929775836
    },
    {
      "id": 7,
      "image_id": 0,
      "category_id": 1,
      "segmentation": [],
      "bbox": [
        137.94366197183098,
        763.3661971830985,
        364.7323943661972,
        21.04225352112677
      ],
      "ignore": 0,
      "iscrowd": 0,
      "area": 7674.791509621111
    },
    {
      "id": 8,
      "image_id": 0,
      "category_id": 2,
      "segmentation": [],
      "bbox": [
        284.07042253521126,
        16.366197183098592,
        71.30985915492954,
        14.028169014084508
      ],
      "ignore": 0,
      "iscrowd": 0,
      "area": 1000.346756595913
    },
    {
      "id": 9,
      "image_id": 0,
      "category_id": 2,
      "segmentation": [],
      "bbox": [
        260.6901408450704,
        130.92957746478874,
        70.14084507042256,
        14.028169014084485
      ],
      "ignore": 0,
      "iscrowd": 0,
      "area": 983.9476294386022
    },
    {
      "id": 10,
      "image_id": 0,
      "category_id": 2,
      "segmentation": [],
      "bbox": [
        274.71830985915494,
        216.26760563380282,
        71.30985915492954,
        15.197183098591537
      ],
      "ignore": 0,
      "iscrowd": 0,
      "area": 1083.7089863122383
    },
    {
      "id": 11,
      "image_id": 0,
      "category_id": 2,
      "segmentation": [],
      "bbox": [
        310.9577464788733,
        303.94366197183103,
        70.14084507042256,
        15.197183098591479
      ],
      "ignore": 0,
      "iscrowd": 0,
      "area": 1065.9432652251492
    },
    {
      "id": 12,
      "image_id": 0,
      "category_id": 2,
      "segmentation": [],
      "bbox": [
        267.70422535211264,
        385.77464788732397,
        66.6338028169014,
        16.366197183098624
      ],
      "ignore": 0,
      "iscrowd": 0,
      "area": 1090.5419559611207
    },
    {
      "id": 13,
      "image_id": 0,
      "category_id": 2,
      "segmentation": [],
      "bbox": [
        256.0140845070423,
        481.6338028169014,
        71.3098591549296,
        16.36619718309856
      ],
      "ignore": 0,
      "iscrowd": 0,
      "area": 1167.0712160285639
    },
    {
      "id": 14,
      "image_id": 0,
      "category_id": 2,
      "segmentation": [],
      "bbox": [
        256.0140845070423,
        614.9014084507044,
        68.97183098591546,
        12.859154929577432
      ],
      "ignore": 0,
      "iscrowd": 0,
      "area": 886.9194604245163
    },
    {
      "id": 15,
      "image_id": 0,
      "category_id": 2,
      "segmentation": [],
      "bbox": [
        233.80281690140845,
        742.3239436619718,
        71.3098591549296,
        16.36619718309856
      ],
      "ignore": 0,
      "iscrowd": 0,
      "area": 1167.0712160285639
    },
    {
      "id": 16,
      "image_id": 0,
      "category_id": 0,
      "segmentation": [],
      "bbox": [
        137.94366197183098,
        745.8309859154929,
        91.1830985915493,
        14.028169014084515
      ],
      "ignore": 0,
      "iscrowd": 0,
      "area": 1279.1319182701852
    },
    {
      "id": 17,
      "image_id": 0,
      "category_id": 0,
      "segmentation": [],
      "bbox": [
        141.4507042253521,
        612.5633802816901,
        107.5492957746479,
        18.70422535211261
      ],
      "ignore": 0,
      "iscrowd": 0,
      "area": 2011.6262646300268
    },
    {
      "id": 18,
      "image_id": 0,
      "category_id": 0,
      "segmentation": [],
      "bbox": [
        139.11267605633802,
        480.4647887323943,
        114.56338028169012,
        22.211267605633797
      ],
      "ignore": 0,
      "iscrowd": 0,
      "area": 2544.597897242609
    },
    {
      "id": 19,
      "image_id": 0,
      "category_id": 0,
      "segmentation": [],
      "bbox": [
        180.0281690140845,
        386.94366197183103,
        85.33802816901407,
        17.535211267605586
      ],
      "ignore": 0,
      "iscrowd": 0,
      "area": 1496.4203531045384
    },
    {
      "id": 20,
      "image_id": 0,
      "category_id": 0,
      "segmentation": [],
      "bbox": [
        176.5211267605634,
        300.4366197183098,
        132.09859154929575,
        16.366197183098624
      ],
      "ignore": 0,
      "iscrowd": 0,
      "area": 2161.9515969053796
    },
    {
      "id": 21,
      "image_id": 0,
      "category_id": 0,
      "segmentation": [],
      "bbox": [
        176.5211267605634,
        212.76056338028167,
        97.02816901408453,
        18.704225352112697
      ],
      "ignore": 0,
      "iscrowd": 0,
      "area": 1814.8367387423154
    },
    {
      "id": 22,
      "image_id": 0,
      "category_id": 0,
      "segmentation": [],
      "bbox": [
        178.85915492957744,
        125.08450704225353,
        78.32394366197185,
        21.042253521126746
      ],
      "ignore": 0,
      "iscrowd": 0,
      "area": 1648.1122793096602
    },
    {
      "id": 23,
      "image_id": 0,
      "category_id": 0,
      "segmentation": [],
      "bbox": [
        139.11267605633802,
        15.19718309859155,
        143.78873239436615,
        14.028169014084504
      ],
      "ignore": 0,
      "iscrowd": 0,
      "area": 2017.092640349136
    },
    {
      "id": 24,
      "image_id": 1,
      "category_id": 1,
      "segmentation": [],
      "bbox": [
        130.7697654213727,
        38.87749782797567,
        344.0069504778453,
        24.74022589052998
      ],
      "ignore": 0,
      "iscrowd": 0,
      "area": 8510.809662734253
    },
    {
      "id": 25,
      "image_id": 1,
      "category_id": 1,
      "segmentation": [],
      "bbox": [
        130.7697654213727,
        170.82536924413552,
        305.12945264986973,
        22.384013900955683
      ],
      "ignore": 0,
      "iscrowd": 0,
      "area": 6830.021909705683
    },
    {
      "id": 26,
      "image_id": 1,
      "category_id": 1,
      "segmentation": [],
      "bbox": [
        168.46915725456125,
        282.745438748914,
        275.67680278019117,
        23.562119895742807
      ],
      "ignore": 0,
      "iscrowd": 0,
      "area": 6495.529879581908
    },
    {
      "id": 27,
      "image_id": 1,
      "category_id": 1,
      "segmentation": [],
      "bbox": [
        129.59165942658555,
        381.7063423110338,
        360.50043440486536,
        18.8496959165943
      ],
      "ignore": 0,
      "iscrowd": 0,
      "area": 6795.323566331862
    },
    {
      "id": 28,
      "image_id": 1,
      "category_id": 1,
      "segmentation": [],
      "bbox": [
        163.7567332754127,
        492.44830582102514,
        315.732406602954,
        22.384013900955654
      ],
      "ignore": 0,
      "iscrowd": 0,
      "area": 7067.358578382705
    },
    {
      "id": 29,
      "image_id": 1,
      "category_id": 1,
      "segmentation": [],
      "bbox": [
        129.59165942658555,
        586.6967854039965,
        1140.4066029539533,
        103.67332754126835
      ],
      "ignore": 0,
      "iscrowd": 0,
      "area": 118229.74727827037
    },
    {
      "id": 30,
      "image_id": 1,
      "category_id": 0,
      "segmentation": [],
      "bbox": [
        129.59165942658555,
        565.490877497828,
        48.302345786272824,
        17.671589921807147
      ],
      "ignore": 0,
      "iscrowd": 0,
      "area": 853.5792469963427
    },
    {
      "id": 31,
      "image_id": 1,
      "category_id": 0,
      "segmentation": [],
      "bbox": [
        169.64726324934838,
        473.59860990443093,
        89.53605560382272,
        14.137271937445632
      ],
      "ignore": 0,
      "iscrowd": 0,
      "area": 1265.7955662774946
    },
    {
      "id": 32,
      "image_id": 1,
      "category_id": 0,
      "segmentation": [],
      "bbox": [
        128.41355343179842,
        354.6099044309296,
        94.24847958297133,
        20.0278019113814
      ],
      "ignore": 0,
      "iscrowd": 0,
      "area": 1887.5898795366238
    },
    {
      "id": 33,
      "image_id": 1,
      "category_id": 0,
      "segmentation": [],
      "bbox": [
        168.46915725456125,
        263.8957428323197,
        77.75499565595136,
        15.315377932232838
      ],
      "ignore": 0,
      "iscrowd": 0,
      "area": 1190.8471445900177
    },
    {
      "id": 34,
      "image_id": 1,
      "category_id": 0,
      "segmentation": [],
      "bbox": [
        127.23544743701127,
        148.44135534317985,
        115.4543874891399,
        16.493483927019966
      ],
      "ignore": 0,
      "iscrowd": 0,
      "area": 1904.2450843560641
    },
    {
      "id": 35,
      "image_id": 1,
      "category_id": 0,
      "segmentation": [],
      "bbox": [
        128.41355343179842,
        16.49348392701998,
        120.16681146828842,
        20.027801911381406
      ],
      "ignore": 0,
      "iscrowd": 0,
      "area": 2406.6770964091957
    },
    {
      "id": 36,
      "image_id": 1,
      "category_id": 2,
      "segmentation": [],
      "bbox": [
        250.93657688966115,
        20.027801911381406,
        67.1520417028671,
        14.137271937445698
      ],
      "ignore": 0,
      "iscrowd": 0,
      "area": 949.3466747081262
    },
    {
      "id": 37,
      "image_id": 1,
      "category_id": 2,
      "segmentation": [],
      "bbox": [
        245.0460469157255,
        150.7975673327541,
        71.86446568201565,
        16.493483927019966
      ],
      "ignore": 0,
      "iscrowd": 0,
      "area": 1185.295409650203
    },
    {
      "id": 38,
      "image_id": 1,
      "category_id": 2,
      "segmentation": [],
      "bbox": [
        248.58036490008686,
        263.8957428323197,
        68.33014769765427,
        15.315377932232838
      ],
      "ignore": 0,
      "iscrowd": 0,
      "area": 1046.5020361548648
    },
    {
      "id": 39,
      "image_id": 1,
      "category_id": 2,
      "segmentation": [],
      "bbox": [
        227.37445699391833,
        356.9661164205039,
        69.50825369244139,
        17.671589921807147
      ],
      "ignore": 0,
      "iscrowd": 0,
      "area": 1228.3213554337617
    },
    {
      "id": 40,
      "image_id": 1,
      "category_id": 2,
      "segmentation": [],
      "bbox": [
        263.8957428323197,
        473.59860990443093,
        71.86446568201565,
        15.315377932232838
      ],
      "ignore": 0,
      "iscrowd": 0,
      "area": 1100.6314518180466
    },
    {
      "id": 41,
      "image_id": 1,
      "category_id": 2,
      "segmentation": [],
      "bbox": [
        200.27801911381408,
        566.6689834926151,
        69.50825369244137,
        14.137271937445739
      ],
      "ignore": 0,
      "iscrowd": 0,
      "area": 982.6570843470106
    },
    {
      "id": 42,
      "image_id": 2,
      "category_id": 1,
      "segmentation": [],
      "bbox": [
        136.38140747176368,
        34.39183318853172,
        316.6420503909644,
        26.09035621198957
      ],
      "ignore": 0,
      "iscrowd": 0,
      "area": 8261.303886395013
    },
    {
      "id": 43,
      "image_id": 2,
      "category_id": 1,
      "segmentation": [],
      "bbox": [
        173.1450912250217,
        155.35621198957432,
        156.54213727193743,
        17.788879235447432
      ],
      "ignore": 0,
      "iscrowd": 0,
      "area": 2784.7091751893295
    },
    {
      "id": 44,
      "image_id": 2,
      "category_id": 1,
      "segmentation": [],
      "bbox": [
        137.56733275412685,
        247.85838401390097,
        251.41615986099043,
        83.01476976542136
      ],
      "ignore": 0,
      "iscrowd": 0,
      "area": 20871.254626166494
    },
    {
      "id": 45,
      "image_id": 2,
      "category_id": 1,
      "segmentation": [],
      "bbox": [
        177.88879235447436,
        421.00347523892265,
        162.47176368375327,
        22.532580364900156
      ],
      "ignore": 0,
      "iscrowd": 0,
      "area": 3660.908072231237
    },
    {
      "id": 46,
      "image_id": 2,
      "category_id": 1,
      "segmentation": [],
      "bbox": [
        135.19548218940054,
        514.6915725456125,
        430.4908774978279,
        27.276281494352848
      ],
      "ignore": 0,
      "iscrowd": 0,
      "area": 11742.190355381723
    },
    {
      "id": 47,
      "image_id": 2,
      "category_id": 1,
      "segmentation": [],
      "bbox": [
        138.75325803649,
        611.9374456993918,
        126.89400521285839,
        61.66811468288445
      ],
      "ignore": 0,
      "iscrowd": 0,
      "area": 7825.314066037088
    },
    {
      "id": 48,
      "image_id": 2,
      "category_id": 1,
      "segmentation": [],
      "bbox": [
        137.56733275412685,
        742.3892267593396,
        1182.367506516073,
        28.462206776715938
      ],
      "ignore": 0,
      "iscrowd": 0,
      "area": 33652.7884565305
    },
    {
      "id": 49,
      "image_id": 2,
      "category_id": 0,
      "segmentation": [],
      "bbox": [
        137.0723804668597,
        12.741346008860422,
        73.5077654357332,
        18.621967243719084
      ],
      "ignore": 0,
      "iscrowd": 0,
      "area": 1368.8592001032096
    },
    {
      "id": 50,
      "image_id": 2,
      "category_id": 0,
      "segmentation": [],
      "bbox": [
        177.25662557172706,
        130.3537707060335,
        115.29347334825876,
        17.64186370457595
      ],
      "ignore": 0,
      "iscrowd": 0,
      "area": 2033.991742837141
    },
    {
      "id": 51,
      "image_id": 2,
      "category_id": 0,
      "segmentation": [],
      "bbox": [
        139.03258754514573,
        224.4437104637719,
        115.24540871188805,
        18.62196724371906
      ],
      "ignore": 0,
      "iscrowd": 0,
      "area": 2146.0962260217943
    },
    {
      "id": 52,
      "image_id": 2,
      "category_id": 0,
      "segmentation": [],
      "bbox": [
        176.27652203258407,
        399.88224397038874,
        113.69201054060068,
        17.641863704575904
      ],
      "ignore": 0,
      "iscrowd": 0,
      "area": 2005.7389542564842
    },
    {
      "id": 53,
      "image_id": 2,
      "category_id": 0,
      "segmentation": [],
      "bbox": [
        136.09227692771657,
        492.99208018898406,
        135.25428840174908,
        16.661760165432845
      ],
      "ignore": 0,
      "iscrowd": 0,
      "area": 2253.5745146962286
    },
    {
      "id": 54,
      "image_id": 2,
      "category_id": 0,
      "segmentation": [],
      "bbox": [
        137.0723804668597,
        588.0621234858658,
        98.01035391431088,
        17.641863704575847
      ],
      "ignore": 0,
      "iscrowd": 0,
      "area": 1729.0853053935145
    },
    {
      "id": 55,
      "image_id": 2,
      "category_id": 0,
      "segmentation": [],
      "bbox": [
        139.0325875451459,
        725.7508885554064,
        97.03025037516785,
        11.761242469717386
      ],
      "ignore": 0,
      "iscrowd": 0,
      "area": 1141.1963015597355
    },
    {
      "id": 56,
      "image_id": 2,
      "category_id": 2,
      "segmentation": [],
      "bbox": [
        239.9832520768862,
        724.7707850162634,
        66.64704066173142,
        14.70155308714667
      ],
      "ignore": 0,
      "iscrowd": 0,
      "area": 979.8150063896674
    },
    {
      "id": 57,
      "image_id": 2,
      "category_id": 2,
      "segmentation": [],
      "bbox": [
        239.00314853774304,
        589.5164966145142,
        65.66693712258835,
        17.641863704576075
      ],
      "ignore": 0,
      "iscrowd": 0,
      "area": 1158.4871546136708
    },
    {
      "id": 58,
      "image_id": 2,
      "category_id": 2,
      "segmentation": [],
      "bbox": [
        274.286875946895,
        494.4464533176326,
        63.70673004430211,
        17.641863704576075
      ],
      "ignore": 0,
      "iscrowd": 0,
      "area": 1123.9054485057995
    },
    {
      "id": 59,
      "image_id": 2,
      "category_id": 2,
      "segmentation": [],
      "bbox": [
        294.8690502689003,
        399.376410020751,
        57.82610880944338,
        18.621967243719133
      ],
      "ignore": 0,
      "iscrowd": 0,
      "area": 1076.8359040811931
    },
    {
      "id": 60,
      "image_id": 2,
      "category_id": 2,
      "segmentation": [],
      "bbox": [
        258.5571546842343,
        226.87818713156358,
        64.73489821981579,
        16.661760165432792
      ],
      "ignore": 0,
      "iscrowd": 0,
      "area": 1078.5973484722729
    },
    {
      "id": 61,
      "image_id": 2,
      "category_id": 2,
      "segmentation": [],
      "bbox": [
        295.651067592756,
        131.22047383568898,
        63.99023106802114,
        17.82006434805654
      ],
      "ignore": 0,
      "iscrowd": 0,
      "area": 1140.3100352791434
    },
    {
      "id": 62,
      "image_id": 2,
      "category_id": 2,
      "segmentation": [],
      "bbox": [
        211.41076340194329,
        16.200058498233208,
        67.23024276766783,
        12.150043873674903
      ],
      "ignore": 0,
      "iscrowd": 0,
      "area": 816.850399264979
    },
    {
      "id": 63,
      "image_id": 3,
      "category_id": 1,
      "segmentation": [],
      "bbox": [
        141.27720870678615,
        36.55424281224537,
        865.4463973926202,
        69.15667559073448
      ],
      "ignore": 0,
      "iscrowd": 0,
      "area": 59851.39574565131
    },
    {
      "id": 64,
      "image_id": 3,
      "category_id": 1,
      "segmentation": [],
      "bbox": [
        179.80735653590963,
        194.62664416249558,
        146.2169712489815,
        16.795192643464123
      ],
      "ignore": 0,
      "iscrowd": 0,
      "area": 2455.7421998704995
    },
    {
      "id": 65,
      "image_id": 3,
      "category_id": 1,
      "segmentation": [],
      "bbox": [
        140.2892561983471,
        283.54236992201135,
        510.7714468629962,
        26.67471772785476
      ],
      "ignore": 0,
      "iscrowd": 0,
      "area": 13624.68416851839
    },
    {
      "id": 66,
      "image_id": 3,
      "category_id": 1,
      "segmentation": [],
      "bbox": [
        138.31335118146896,
        380.3617157490396,
        518.6750669305086,
        61.253055523221995
      ],
      "ignore": 0,
      "iscrowd": 0,
      "area": 31770.432673205327
    },
    {
      "id": 67,
      "image_id": 3,
      "category_id": 1,
      "segmentation": [],
      "bbox": [
        135.34949365615176,
        516.6991619136304,
        267.73512978698636,
        18.771097660342225
      ],
      "ignore": 0,
      "iscrowd": 0,
      "area": 5025.682268335921
    },
    {
      "id": 68,
      "image_id": 3,
      "category_id": 1,
      "segmentation": [],
      "bbox": [
        141.27720870678615,
        609.5666977069026,
        636.2414154347572,
        21.734955185659377
      ],
      "ignore": 0,
      "iscrowd": 0,
      "area": 13828.678651734937
    },
    {
      "id": 69,
      "image_id": 3,
      "category_id": 1,
      "segmentation": [],
      "bbox": [
        180.5088028169014,
        725.6214788732394,
        1148.801056338028,
        19.12676056338032
      ],
      "ignore": 0,
      "iscrowd": 0,
      "area": 21972.84273953585
    },
    {
      "id": 70,
      "image_id": 3,
      "category_id": 1,
      "segmentation": [],
      "bbox": [
        141.05985915492957,
        818.8644366197183,
        533.1584507042254,
        22.713028169013977
      ],
      "ignore": 0,
      "iscrowd": 0,
      "area": 12109.642909392922
    },
    {
      "id": 71,
      "image_id": 3,
      "category_id": 0,
      "segmentation": [],
      "bbox": [
        140.56588290071002,
        15.807240135025024,
        89.90367826795482,
        17.78314515190315
      ],
      "ignore": 0,
      "iscrowd": 0,
      "area": 1598.7701603290411
    },
    {
      "id": 72,
      "image_id": 3,
      "category_id": 0,
      "segmentation": [],
      "bbox": [
        137.60202537539283,
        265.75922477010823,
        92.867535793272,
        13.831335118146876
      ],
      "ignore": 0,
      "iscrowd": 0,
      "area": 1284.482009153245
    },
    {
      "id": 73,
      "image_id": 3,
      "category_id": 0,
      "segmentation": [],
      "bbox": [
        140.56588290071002,
        358.62676056338023,
        67.18077057385636,
        15.807240135025008
      ],
      "ignore": 0,
      "iscrowd": 0,
      "area": 1061.9425729169693
    },
    {
      "id": 74,
      "image_id": 3,
      "category_id": 0,
      "segmentation": [],
      "bbox": [
        141.55383540914906,
        494.9642067279711,
        89.90367826795483,
        13.831335118146844
      ],
      "ignore": 0,
      "iscrowd": 0,
      "area": 1243.487902478139
    },
    {
      "id": 75,
      "image_id": 3,
      "category_id": 0,
      "segmentation": [],
      "bbox": [
        144.51769293446625,
        588.8196950296821,
        99.78320335234547,
        12.843382609707916
      ],
      "ignore": 0,
      "iscrowd": 0,
      "area": 1281.5538586764624
    },
    {
      "id": 76,
      "image_id": 3,
      "category_id": 0,
      "segmentation": [],
      "bbox": [
        181.07193574671163,
        702.1324060062857,
        98.79525084390643,
        16.795192643464
      ],
      "ignore": 0,
      "iscrowd": 0,
      "area": 1659.2852701827576
    },
    {
      "id": 77,
      "image_id": 3,
      "category_id": 0,
      "segmentation": [],
      "bbox": [
        139.57793039227093,
        794.9999417995577,
        106.69887091141892,
        15.807240135024948
      ],
      "ignore": 0,
      "iscrowd": 0,
      "area": 1686.614674632827
    },
    {
      "id": 78,
      "image_id": 3,
      "category_id": 2,
      "segmentation": [],
      "bbox": [
        247.26475381212896,
        796.9758468164358,
        69.15667559073445,
        15.807240135025195
      ],
      "ignore": 0,
      "iscrowd": 0,
      "area": 1093.1761780027748
    },
    {
      "id": 79,
      "image_id": 3,
      "category_id": 2,
      "segmentation": [],
      "bbox": [
        280.85513909905706,
        704.1083110231639,
        69.15667559073451,
        15.807240135024948
      ],
      "ignore": 0,
      "iscrowd": 0,
      "area": 1093.1761780027587
    },
    {
      "id": 80,
      "image_id": 3,
      "category_id": 2,
      "segmentation": [],
      "bbox": [
        246.6197269677761,
        587.5299150273543,
        65.84989240133079,
        17.78314515190316
      ],
      "ignore": 0,
      "iscrowd": 0,
      "area": 1171.0181948100703
    },
    {
      "id": 81,
      "image_id": 3,
      "category_id": 2,
      "segmentation": [],
      "bbox": [
        233.43341869398202,
        495.6503317425213,
        64.21691304853918,
        13.831335118146969
      ],
      "ignore": 0,
      "iscrowd": 0,
      "area": 888.2056446272503
    },
    {
      "id": 82,
      "image_id": 3,
      "category_id": 2,
      "segmentation": [],
      "bbox": [
        209.37146793059438,
        359.28839088763857,
        68.58513281725725,
        16.3297935279184
      ],
      "ignore": 0,
      "iscrowd": 0,
      "area": 1119.9810579906714
    },
    {
      "id": 83,
      "image_id": 3,
      "category_id": 2,
      "segmentation": [],
      "bbox": [
        233.86615822247194,
        266.20856777850366,
        68.58513281725732,
        14.696814175126537
      ],
      "ignore": 0,
      "iscrowd": 0,
      "area": 1007.9829521916035
    },
    {
      "id": 84,
      "image_id": 3,
      "category_id": 2,
      "segmentation": [],
      "bbox": [
        273.0576626894761,
        170.67927564018098,
        66.13566378806956,
        17.146283204314305
      ],
      "ignore": 0,
      "iscrowd": 0,
      "area": 1133.980821215555
    },
    {
      "id": 85,
      "image_id": 3,
      "category_id": 2,
      "segmentation": [],
      "bbox": [
        233.86615822247194,
        17.146283204314326,
        64.5026844352777,
        16.329793527918408
      ],
      "ignore": 0,
      "iscrowd": 0,
      "area": 1053.3155188245612
    },
    {
      "id": 86,
      "image_id": 3,
      "category_id": 0,
      "segmentation": [],
      "bbox": [
        179.9778395803412,
        171.4628320431433,
        90.63035407994715,
        14.696814175126569
      ],
      "ignore": 0,
      "iscrowd": 0,
      "area": 1331.9774725389075
    },
    {
      "id": 87,
      "image_id": 4,
      "category_id": 1,
      "segmentation": [],
      "bbox": [
        131.3384030418251,
        31.106463878327,
        1180.893536121673,
        44.93155893536121
      ],
      "ignore": 0,
      "iscrowd": 0,
      "area": 53059.387514638045
    },
    {
      "id": 88,
      "image_id": 4,
      "category_id": 1,
      "segmentation": [],
      "bbox": [
        130.18631178707227,
        142.8593155893536,
        481.57414448669203,
        26.49809885931559
      ],
      "ignore": 0,
      "iscrowd": 0,
      "area": 12760.799288698696
    },
    {
      "id": 89,
      "image_id": 4,
      "category_id": 1,
      "segmentation": [],
      "bbox": [
        130.18631178707227,
        238.48288973384027,
        664.7566539923956,
        21.88973384030423
      ],
      "ignore": 0,
      "iscrowd": 0,
      "area": 14551.346224464753
    },
    {
      "id": 90,
      "image_id": 4,
      "category_id": 1,
      "segmentation": [],
      "bbox": [
        132.49049429657796,
        329.4980988593156,
        482.7262357414449,
        26.498098859315572
      ],
      "ignore": 0,
      "iscrowd": 0,
      "area": 12791.32751666208
    },
    {
      "id": 91,
      "image_id": 4,
      "category_id": 1,
      "segmentation": [],
      "bbox": [
        134.79467680608366,
        423.9695817490494,
        896.3269961977188,
        28.802281368821333
      ],
      "ignore": 0,
      "iscrowd": 0,
      "area": 25816.262342957147
    },
    {
      "id": 92,
      "image_id": 4,
      "category_id": 1,
      "segmentation": [],
      "bbox": [
        132.49049429657796,
        525.3536121673004,
        290.32699619771864,
        41.4752851711027
      ],
      "ignore": 0,
      "iscrowd": 0,
      "area": 12041.39496017003
    },
    {
      "id": 93,
      "image_id": 4,
      "category_id": 0,
      "segmentation": [],
      "bbox": [
        129.83748175276315,
        6.059082481795612,
        90.02065401524908,
        19.908413868757012
      ],
      "ignore": 0,
      "iscrowd": 0,
      "area": 1792.1684368717615
    },
    {
      "id": 94,
      "image_id": 4,
      "category_id": 0,
      "segmentation": [],
      "bbox": [
        134.16539781118857,
        122.04723284759733,
        57.99407518290088,
        17.311664233701748
      ],
      "ignore": 0,
      "iscrowd": 0,
      "area": 1003.9739571104353
    },
    {
      "id": 95,
      "image_id": 4,
      "category_id": 0,
      "segmentation": [],
      "bbox": [
        132.4342313878184,
        218.12696934464202,
        96.07973649704473,
        14.714914598646454
      ],
      "ignore": 0,
      "iscrowd": 0,
      "area": 1413.805117214468
    },
    {
      "id": 96,
      "image_id": 4,
      "category_id": 0,
      "segmentation": [],
      "bbox": [
        132.4342313878184,
        314.20670584168676,
        70.11224014649207,
        13.849331386961348
      ],
      "ignore": 0,
      "iscrowd": 0,
      "area": 971.0076480709841
    },
    {
      "id": 97,
      "image_id": 4,
      "category_id": 0,
      "segmentation": [],
      "bbox": [
        132.4342313878184,
        406.8241094919911,
        73.57457299323241,
        15.580497810331558
      ],
      "ignore": 0,
      "iscrowd": 0,
      "area": 1146.3284734171368
    },
    {
      "id": 98,
      "image_id": 4,
      "category_id": 2,
      "segmentation": [],
      "bbox": [
        207.73997080442098,
        408.5552759153613,
        63.187574453011415,
        12.983748175276284
      ],
      "ignore": 0,
      "iscrowd": 0,
      "area": 820.4115545044214
    },
    {
      "id": 99,
      "image_id": 4,
      "category_id": 2,
      "segmentation": [],
      "bbox": [
        204.27763795768064,
        315.07228905337183,
        64.91874087638159,
        12.118164963591221
      ],
      "ignore": 0,
      "iscrowd": 0,
      "area": 786.6960111686246
    },
    {
      "id": 100,
      "image_id": 4,
      "category_id": 2,
      "segmentation": [],
      "bbox": [
        233.70746715497364,
        218.9925525563271,
        64.91874087638159,
        15.5804978103316
      ],
      "ignore": 0,
      "iscrowd": 0,
      "area": 1011.4663000739479
    },
    {
      "id": 101,
      "image_id": 4,
      "category_id": 2,
      "segmentation": [],
      "bbox": [
        194.75622262914467,
        123.7783992709675,
        64.05315766469649,
        14.714914598646496
      ],
      "ignore": 0,
      "iscrowd": 0,
      "area": 942.536744809648
    },
    {
      "id": 102,
      "image_id": 4,
      "category_id": 2,
      "segmentation": [],
      "bbox": [
        222.4548854030675,
        7.790248905165787,
        66.64990729975172,
        19.04283065707192
      ],
      "ignore": 0,
      "iscrowd": 0,
      "area": 1269.2028980187135
    },
    {
      "id": 103,
      "image_id": 4,
      "category_id": 2,
      "segmentation": [],
      "bbox": [
        206.00880438105082,
        506.45793065621496,
        65.78432408806665,
        13.849331386961433
      ],
      "ignore": 0,
      "iscrowd": 0,
      "area": 911.0689043629045
    },
    {
      "id": 104,
      "image_id": 4,
      "category_id": 0,
      "segmentation": [],
      "bbox": [
        133.29981459950346,
        504.7267642328448,
        69.24665693480702,
        12.983748175276197
      ],
      "ignore": 0,
      "iscrowd": 0,
      "area": 899.0811556212775
    },
    {
      "id": 105,
      "image_id": 5,
      "category_id": 1,
      "segmentation": [],
      "bbox": [
        121.94982394366198,
        44.991197183098585,
        884.432218309859,
        17.759683098591548
      ],
      "ignore": 0,
      "iscrowd": 0,
      "area": 15707.235919367433
    },
    {
      "id": 106,
      "image_id": 5,
      "category_id": 1,
      "segmentation": [],
      "bbox": [
        124.31778169014086,
        136.15757042253523,
        1180.4269366197182,
        42.62323943661968
      ],
      "ignore": 0,
      "iscrowd": 0,
      "area": 50313.61995697773
    },
    {
      "id": 107,
      "image_id": 5,
      "category_id": 1,
      "segmentation": [],
      "bbox": [
        120.76584507042254,
        286.5228873239437,
        1193.450704225352,
        84.06249999999993
      ],
      "ignore": 0,
      "iscrowd": 0,
      "area": 100324.44982394356
    },
    {
      "id": 108,
      "image_id": 5,
      "category_id": 1,
      "segmentation": [],
      "bbox": [
        162.20510563380284,
        460.56778169014086,
        195.356514084507,
        23.67957746478872
      ],
      "ignore": 0,
      "iscrowd": 0,
      "area": 4625.959708515173
    },
    {
      "id": 109,
      "image_id": 5,
      "category_id": 1,
      "segmentation": [],
      "bbox": [
        163.38908450704227,
        545.8142605633803,
        1108.2042253521126,
        42.623239436619635
      ],
      "ignore": 0,
      "iscrowd": 0,
      "area": 47235.25404185668
    },
    {
      "id": 110,
      "image_id": 5,
      "category_id": 1,
      "segmentation": [],
      "bbox": [
        162.20510563380284,
        652.3723591549295,
        1112.9401408450703,
        42.6232394366197
      ],
      "ignore": 0,
      "iscrowd": 0,
      "area": 47437.11410186468
    },
    {
      "id": 111,
      "image_id": 5,
      "category_id": 1,
      "segmentation": [],
      "bbox": [
        159.83714788732394,
        760.1144366197183,
        1117.676056338028,
        21.31161971830985
      ],
      "ignore": 0,
      "iscrowd": 0,
      "area": 23819.48708093631
    },
    {
      "id": 112,
      "image_id": 5,
      "category_id": 1,
      "segmentation": [],
      "bbox": [
        120.76584507042254,
        853.6487676056338,
        621.5889084507043,
        23.67957746478872
      ],
      "ignore": 0,
      "iscrowd": 0,
      "area": 14718.962708911917
    },
    {
      "id": 113,
      "image_id": 5,
      "category_id": 0,
      "segmentation": [],
      "bbox": [
        123.86348362027042,
        17.643785482702043,
        112.4791324522255,
        19.114100939593882
      ],
      "ignore": 0,
      "iscrowd": 0,
      "area": 2149.9374912897883
    },
    {
      "id": 114,
      "image_id": 5,
      "category_id": 0,
      "segmentation": [],
      "bbox": [
        123.12832589182447,
        114.68460563756327,
        148.50186114607558,
        15.43831229736429
      ],
      "ignore": 0,
      "iscrowd": 0,
      "area": 2292.618109112943
    },
    {
      "id": 115,
      "image_id": 5,
      "category_id": 0,
      "segmentation": [],
      "bbox": [
        123.12832589182447,
        263.1864667836388,
        94.10018924107757,
        17.64378548270204
      ],
      "ignore": 0,
      "iscrowd": 0,
      "area": 1660.2835528512392
    },
    {
      "id": 116,
      "image_id": 5,
      "category_id": 0,
      "segmentation": [],
      "bbox": [
        164.29715868479593,
        438.8891638822133,
        102.92208198242861,
        15.438312297364257
      ],
      "ignore": 0,
      "iscrowd": 0,
      "area": 1588.9432439396599
    },
    {
      "id": 117,
      "image_id": 5,
      "category_id": 0,
      "segmentation": [],
      "bbox": [
        163.56200095634998,
        631.5004887350439,
        150.70733433141334,
        13.967996840472575
      ],
      "ignore": 0,
      "iscrowd": 0,
      "area": 2105.0795697772255
    },
    {
      "id": 118,
      "image_id": 5,
      "category_id": 0,
      "segmentation": [],
      "bbox": [
        165.03231641324183,
        738.356671987642,
        119.0955520082388,
        13.232839112026506
      ],
      "ignore": 0,
      "iscrowd": 0,
      "area": 1575.972278683009
    },
    {
      "id": 119,
      "image_id": 5,
      "category_id": 0,
      "segmentation": [],
      "bbox": [
        123.1283258918245,
        829.5162303149359,
        119.09555200823877,
        15.438312297364192
      ],
      "ignore": 0,
      "iscrowd": 0,
      "area": 1838.6343251301691
    },
    {
      "id": 120,
      "image_id": 5,
      "category_id": 2,
      "segmentation": [],
      "bbox": [
        243.3800490920363,
        830.2644709623368,
        58.42881400368668,
        17.346054157344483
      ],
      "ignore": 0,
      "iscrowd": 0,
      "area": 1013.5093720573569
    },
    {
      "id": 121,
      "image_id": 5,
      "category_id": 2,
      "segmentation": [],
      "bbox": [
        286.2887093759937,
        736.2305984251534,
        77.14429348924267,
        18.259004376152088
      ],
      "ignore": 0,
      "iscrowd": 0,
      "area": 1408.577992415243
    },
    {
      "id": 122,
      "image_id": 5,
      "category_id": 2,
      "segmentation": [],
      "bbox": [
        316.4160665966447,
        630.3283730434714,
        76.23134327043505,
        17.346054157344355
      ],
      "ignore": 0,
      "iscrowd": 0,
      "area": 1322.3130088560745
    },
    {
      "id": 123,
      "image_id": 5,
      "category_id": 2,
      "segmentation": [],
      "bbox": [
        258.44372770236174,
        525.3390978805966,
        64.36299042593618,
        15.976628829133078
      ],
      "ignore": 0,
      "iscrowd": 0,
      "area": 1028.3036083682282
    },
    {
      "id": 124,
      "image_id": 5,
      "category_id": 2,
      "segmentation": [],
      "bbox": [
        269.399130328053,
        437.69587687506646,
        65.27594064474378,
        18.259004376152088
      ],
      "ignore": 0,
      "iscrowd": 0,
      "area": 1191.8736858898208
    },
    {
      "id": 125,
      "image_id": 5,
      "category_id": 0,
      "segmentation": [],
      "bbox": [
        164.86633027458217,
        523.5131974429813,
        91.75149699016433,
        18.259004376152088
      ],
      "ignore": 0,
      "iscrowd": 0,
      "area": 1675.2909850619155
    },
    {
      "id": 126,
      "image_id": 5,
      "category_id": 2,
      "segmentation": [],
      "bbox": [
        219.18686829363472,
        263.32238508281387,
        65.27594064474378,
        16.88957904794065
      ],
      "ignore": 0,
      "iscrowd": 0,
      "area": 1102.483159448082
    },
    {
      "id": 127,
      "image_id": 5,
      "category_id": 2,
      "segmentation": [],
      "bbox": [
        275.3333067503024,
        115.48820267916207,
        63.90651531653229,
        16.433103938536863
      ],
      "ignore": 0,
      "iscrowd": 0,
      "area": 1050.182408546273
    },
    {
      "id": 128,
      "image_id": 5,
      "category_id": 2,
      "segmentation": [],
      "bbox": [
        237.90234777919065,
        18.259004376152106,
        70.29716684818557,
        20.084904813767324
      ],
      "ignore": 0,
      "iscrowd": 0,
      "area": 1411.911904823327
    },
    {
      "id": 129,
      "image_id": 6,
      "category_id": 1,
      "segmentation": [],
      "bbox": [
        139.26558265582656,
        36.586720867208676,
        1194.3794037940384,
        344.6233062330623
      ],
      "ignore": 0,
      "iscrowd": 0,
      "area": 411610.97903217527
    },
    {
      "id": 130,
      "image_id": 6,
      "category_id": 1,
      "segmentation": [],
      "bbox": [
        178.2127371273713,
        501.5921409214092,
        1073.9972899728998,
        125.10298102981031
      ],
      "ignore": 0,
      "iscrowd": 0,
      "area": 134360.26259354738
    },
    {
      "id": 131,
      "image_id": 6,
      "category_id": 1,
      "segmentation": [],
      "bbox": [
        181.75338753387535,
        716.391598915989,
        848.5758807588078,
        121.56233062330637
      ],
      "ignore": 0,
      "iscrowd": 0,
      "area": 103154.86177576559
    },
    {
      "id": 132,
      "image_id": 6,
      "category_id": 2,
      "segmentation": [],
      "bbox": [
        240.27366997937472,
        692.6471620050536,
        63.84343332539257,
        15.960858331348057
      ],
      "ignore": 0,
      "iscrowd": 0,
      "area": 1018.9959946934562
    },
    {
      "id": 133,
      "image_id": 6,
      "category_id": 2,
      "segmentation": [],
      "bbox": [
        285.4961019181944,
        478.94900323533665,
        66.50357638061722,
        20.394430090055973
      ],
      "ignore": 0,
      "iscrowd": 0,
      "area": 1356.3025392331956
    },
    {
      "id": 134,
      "image_id": 6,
      "category_id": 2,
      "segmentation": [],
      "bbox": [
        201.2582385027458,
        17.734287034831276,
        64.73014767713418,
        15.074143979606578
      ],
      "ignore": 0,
      "iscrowd": 0,
      "area": 975.751565906317
    },
    {
      "id": 135,
      "image_id": 6,
      "category_id": 0,
      "segmentation": [],
      "bbox": [
        144.50851999128574,
        15.960858331348147,
        54.089575456235394,
        15.960858331348147
      ],
      "ignore": 0,
      "iscrowd": 0,
      "area": 863.3160510597389
    },
    {
      "id": 136,
      "image_id": 6,
      "category_id": 0,
      "segmentation": [],
      "bbox": [
        187.07080887488078,
        481.4858929956691,
        93.10500693286427,
        15.960858331348117
      ],
      "ignore": 0,
      "iscrowd": 0,
      "area": 1486.035825594631
    },
    {
      "id": 137,
      "image_id": 6,
      "category_id": 0,
      "segmentation": [],
      "bbox": [
        182.63723711617294,
        692.7704152999456,
        56.74971851146009,
        18.621001386572793
      ],
      "ignore": 0,
      "iscrowd": 0,
      "area": 1056.736587089514
    },
    {
      "id": 138,
      "image_id": 7,
      "category_id": 1,
      "segmentation": [],
      "bbox": [
        115.82971329278885,
        29.483927019982627,
        867.6698523023458,
        67.3918331885317
      ],
      "ignore": 0,
      "iscrowd": 0,
      "area": 58473.86194907763
    },
    {
      "id": 139,
      "image_id": 7,
      "category_id": 1,
      "segmentation": [],
      "bbox": [
        155.84361424847958,
        185.3275412684622,
        144.26064291920068,
        21.05994787141618
      ],
      "ignore": 0,
      "iscrowd": 0,
      "area": 3038.12161977535
    },
    {
      "id": 140,
      "image_id": 7,
      "category_id": 0,
      "segmentation": [],
      "bbox": [
        157.9496090356212,
        162.16159860990444,
        86.34578627280627,
        18.953953084274534
      ],
      "ignore": 0,
      "iscrowd": 0,
      "area": 1636.593982039566
    },
    {
      "id": 141,
      "image_id": 7,
      "category_id": 0,
      "segmentation": [],
      "bbox": [
        118.9887054735013,
        10.529973935708078,
        86.34578627280625,
        14.741963509991315
      ],
      "ignore": 0,
      "iscrowd": 0,
      "area": 1272.9064304752187
    },
    {
      "id": 142,
      "image_id": 7,
      "category_id": 2,
      "segmentation": [],
      "bbox": [
        208.97557439864954,
        11.582971329278887,
        63.75075053618974,
        14.74196350999131
      ],
      "ignore": 0,
      "iscrowd": 0,
      "area": 939.8112381390681
    },
    {
      "id": 143,
      "image_id": 7,
      "category_id": 2,
      "segmentation": [],
      "bbox": [
        246.88224634481412,
        161.28334782405528,
        74.14934994383532,
        18.117940710258434
      ],
      "ignore": 0,
      "iscrowd": 0,
      "area": 1343.433525986613
    },
    {
      "id": 144,
      "image_id": 8,
      "category_id": 1,
      "segmentation": [],
      "bbox": [
        138.03040834057344,
        46.77063423110339,
        311.42397914856633,
        21.67419635099914
      ],
      "ignore": 0,
      "iscrowd": 0,
      "area": 6749.864472475489
    },
    {
      "id": 145,
      "image_id": 8,
      "category_id": 0,
      "segmentation": [],
      "bbox": [
        139.50047235203877,
        25.093433925240703,
        115.32058385723087,
        14.634591860054673
      ],
      "ignore": 0,
      "iscrowd": 0,
      "area": 1687.6696778137832
    },
    {
      "id": 146,
      "image_id": 8,
      "category_id": 2,
      "segmentation": [],
      "bbox": [
        257.7479745812805,
        26.849584948447262,
        69.66065725386036,
        16.976126557663427
      ],
      "ignore": 0,
      "iscrowd": 0,
      "area": 1182.5681336315483
    },
    {
      "id": 147,
      "image_id": 9,
      "category_id": 1,
      "segmentation": [],
      "bbox": [
        108.01042571676803,
        40.139009556907034,
        529.8349261511728,
        22.623805386620326
      ],
      "ignore": 0,
      "iscrowd": 0,
      "area": 11986.882256278486
    },
    {
      "id": 148,
      "image_id": 9,
      "category_id": 0,
      "segmentation": [],
      "bbox": [
        108.74022589052997,
        19.70460469157255,
        87.57602085143355,
        15.32580364900086
      ],
      "ignore": 0,
      "iscrowd": 0,
      "area": 1342.172899929876
    },
    {
      "id": 149,
      "image_id": 9,
      "category_id": 2,
      "segmentation": [],
      "bbox": [
        198.50564726324933,
        21.164205039096437,
        64.95221546481325,
        15.32580364900087
      ],
      "ignore": 0,
      "iscrowd": 0,
      "area": 995.4449007813256
    },
    {
      "id": 150,
      "image_id": 10,
      "category_id": 1,
      "segmentation": [],
      "bbox": [
        397.9288437102922,
        36.73189326556544,
        497.9212198221093,
        85.70775095298603
      ],
      "ignore": 0,
      "iscrowd": 0,
      "area": 42675.70790272036
    },
    {
      "id": 151,
      "image_id": 10,
      "category_id": 1,
      "segmentation": [],
      "bbox": [
        436.7013977128335,
        188.76111817026683,
        450.9860228716646,
        36.731893265565446
      ],
      "ignore": 0,
      "iscrowd": 0,
      "area": 16565.57045638384
    },
    {
      "id": 152,
      "image_id": 10,
      "category_id": 1,
      "segmentation": [],
      "bbox": [
        404.0508259212197,
        358.1359593392631,
        502.00254129606094,
        38.77255400254126
      ],
      "ignore": 0,
      "iscrowd": 0,
      "area": 19463.920641814475
    },
    {
      "id": 153,
      "image_id": 10,
      "category_id": 1,
      "segmentation": [],
      "bbox": [
        403.0304955527319,
        480.5756035578145,
        502.00254129606105,
        60.1994917407878
      ],
      "ignore": 0,
      "iscrowd": 0,
      "area": 30220.297838606715
    },
    {
      "id": 154,
      "image_id": 10,
      "category_id": 1,
      "segmentation": [],
      "bbox": [
        399.9695044472681,
        623.4218551461245,
        143.86658195679786,
        20.406607369758543
      ],
      "ignore": 0,
      "iscrowd": 0,
      "area": 2935.8288516215625
    },
    {
      "id": 155,
      "image_id": 10,
      "category_id": 1,
      "segmentation": [],
      "bbox": [
        439.7623888182973,
        708.1092757306226,
        330.587039390089,
        23.467598475222413
      ],
      "ignore": 0,
      "iscrowd": 0,
      "area": 7758.083901519144
    },
    {
      "id": 156,
      "image_id": 10,
      "category_id": 2,
      "segmentation": [],
      "bbox": [
        537.7141041931384,
        688.722998729352,
        90.80940279542568,
        15.30495552731902
      ],
      "ignore": 0,
      "iscrowd": 0,
      "area": 1389.8338712463897
    },
    {
      "id": 157,
      "image_id": 10,
      "category_id": 2,
      "segmentation": [],
      "bbox": [
        527.5108005082591,
        603.0152477763659,
        94.89072426937736,
        14.284625158831025
      ],
      "ignore": 0,
      "iscrowd": 0,
      "area": 1355.4784272380455
    },
    {
      "id": 158,
      "image_id": 10,
      "category_id": 2,
      "segmentation": [],
      "bbox": [
        510.16518424396435,
        457.1080050825921,
        89.78907242693778,
        15.304955527318963
      ],
      "ignore": 0,
      "iscrowd": 0,
      "area": 1374.217760333504
    },
    {
      "id": 159,
      "image_id": 10,
      "category_id": 2,
      "segmentation": [],
      "bbox": [
        531.5921219822109,
        334.66836086404066,
        89.78907242693778,
        16.325285895806843
      ],
      "ignore": 0,
      "iscrowd": 0,
      "area": 1465.8322776890664
    },
    {
      "id": 160,
      "image_id": 10,
      "category_id": 2,
      "segmentation": [],
      "bbox": [
        576.4866581956798,
        164.27318932655658,
        99.99237611181707,
        18.365946632782723
      ],
      "ignore": 0,
      "iscrowd": 0,
      "area": 1836.4546433547703
    },
    {
      "id": 161,
      "image_id": 10,
      "category_id": 2,
      "segmentation": [],
      "bbox": [
        503.02287166454886,
        11.223634053367219,
        98.97204574332909,
        19.386277001270646
      ],
      "ignore": 0,
      "iscrowd": 0,
      "area": 1918.6994941626072
    },
    {
      "id": 162,
      "image_id": 10,
      "category_id": 0,
      "segmentation": [],
      "bbox": [
        402.010165184244,
        601.994917407878,
        108.1550190597204,
        16.3252858958069
      ],
      "ignore": 0,
      "iscrowd": 0,
      "area": 1765.66160721638
    },
    {
      "id": 163,
      "image_id": 10,
      "category_id": 0,
      "segmentation": [],
      "bbox": [
        399.9695044472681,
        455.0673443456163,
        92.85006353240145,
        18.365946632782663
      ],
      "ignore": 0,
      "iscrowd": 0,
      "area": 1705.2793116865648
    },
    {
      "id": 164,
      "image_id": 10,
      "category_id": 0,
      "segmentation": [],
      "bbox": [
        400.989834815756,
        333.64803049555275,
        114.27700127064799,
        18.365946632782723
      ],
      "ignore": 0,
      "iscrowd": 0,
      "area": 2098.8053066911643
    },
    {
      "id": 165,
      "image_id": 10,
      "category_id": 0,
      "segmentation": [],
      "bbox": [
        436.7013977128335,
        160.19186785260482,
        124.48030495552733,
        23.467598475222356
      ],
      "ignore": 0,
      "iscrowd": 0,
      "area": 2921.2538147695473
    },
    {
      "id": 166,
      "image_id": 10,
      "category_id": 0,
      "segmentation": [],
      "bbox": [
        396.9085133418043,
        11.223634053367219,
        89.78907242693771,
        19.386277001270646
      ],
      "ignore": 0,
      "iscrowd": 0,
      "area": 1740.6758297557667
    },
    {
      "id": 167,
      "image_id": 10,
      "category_id": 0,
      "segmentation": [],
      "bbox": [
        433.64040660736975,
        685.6620076238883,
        85.70775095298598,
        19.38627700127066
      ],
      "ignore": 0,
      "iscrowd": 0,
      "area": 1661.5542011305056
    },
    {
      "id": 168,
      "image_id": 11,
      "category_id": 1,
      "segmentation": [],
      "bbox": [
        99.5730622617535,
        516.0355781448538,
        236.2134688691232,
        18.897077509529876
      ],
      "ignore": 0,
      "iscrowd": 0,
      "area": 4463.744230014743
    },
    {
      "id": 169,
      "image_id": 11,
      "category_id": 1,
      "segmentation": [],
      "bbox": [
        61.05209656925032,
        404.83354510800507,
        442.6277001270648,
        41.42820838627703
      ],
      "ignore": 0,
      "iscrowd": 0,
      "area": 18337.272598402582
    },
    {
      "id": 170,
      "image_id": 11,
      "category_id": 1,
      "segmentation": [],
      "bbox": [
        97.39263024142313,
        227.4917407878018,
        414.28208386277004,
        84.31003811944095
      ],
      "ignore": 0,
      "iscrowd": 0,
      "area": 34928.13828267157
    },
    {
      "id": 171,
      "image_id": 11,
      "category_id": 1,
      "segmentation": [],
      "bbox": [
        58.14485387547649,
        30.52604828462516,
        469.51969504447277,
        127.19186785260483
      ],
      "ignore": 0,
      "iscrowd": 0,
      "area": 59719.0870062919
    },
    {
      "id": 172,
      "image_id": 11,
      "category_id": 0,
      "segmentation": [],
      "bbox": [
        99.5730622617535,
        494.23125794155015,
        95.21219822109276,
        16.71664548919953
      ],
      "ignore": 0,
      "iscrowd": 0,
      "area": 1591.6285639094017
    },
    {
      "id": 173,
      "image_id": 11,
      "category_id": 0,
      "segmentation": [],
      "bbox": [
        62.505717916137236,
        382.302414231258,
        114.10927573062261,
        16.716645489199447
      ],
      "ignore": 0,
      "iscrowd": 0,
      "area": 1907.5243094181285
    },
    {
      "id": 174,
      "image_id": 11,
      "category_id": 0,
      "segmentation": [],
      "bbox": [
        96.66581956797967,
        202.78017789072427,
        106.84116899618806,
        18.897077509529876
      ],
      "ignore": 0,
      "iscrowd": 0,
      "area": 2018.985851729746
    },
    {
      "id": 175,
      "image_id": 11,
      "category_id": 0,
      "segmentation": [],
      "bbox": [
        57.41804320203304,
        4.360864040660736,
        77.7687420584498,
        23.257941550190594
      ],
      "ignore": 0,
      "iscrowd": 0,
      "area": 1808.7408572272745
    },
    {
      "id": 176,
      "image_id": 11,
      "category_id": 2,
      "segmentation": [],
      "bbox": [
        203.50698856416773,
        495.6848792884372,
        77.04193138500636,
        14.536213468869098
      ],
      "ignore": 0,
      "iscrowd": 0,
      "area": 1119.8979606664184
    },
    {
      "id": 177,
      "image_id": 11,
      "category_id": 2,
      "segmentation": [],
      "bbox": [
        183.15628970775097,
        384.48284625158834,
        84.31003811944089,
        14.536213468869098
      ],
      "ignore": 0,
      "iscrowd": 0,
      "area": 1225.5487116726838
    },
    {
      "id": 178,
      "image_id": 11,
      "category_id": 2,
      "segmentation": [],
      "bbox": [
        212.22871664548921,
        206.41423125794154,
        79.22236340533672,
        15.263024142312602
      ],
      "ignore": 0,
      "iscrowd": 0,
      "area": 1209.1728452667169
    },
    {
      "id": 179,
      "image_id": 11,
      "category_id": 2,
      "segmentation": [],
      "bbox": [
        142.4548919949174,
        12.355781448538755,
        82.12960609911055,
        14.536213468869123
      ],
      "ignore": 0,
      "iscrowd": 0,
      "area": 1193.8534863708064
    }
  ],
  "info": {
    "year": 2024,
    "version": "1.0",
    "description": "",
    "contributor": "Label Studio",
    "url": "",
    "date_created": "2024-04-10 17:08:14.892003"
  }
}